received,opened,page,who
7/6/2026 18:00:00,7/6/2026 18:00:00,index,aaaa1111
7/6/2026 19:29:00,7/6/2026 19:29:00,roster,
7/6/2026 19:35:00,7/6/2026 19:35:00,index,aaaa1111
7/6/2026 19:40:00,7/6/2026 19:40:00,roster,bbbb2222
7/6/2026 19:45:00,,about,aaaa1111
7/6/2026 20:10:00,7/6/2026 20:10:00,index,
7/6/2026 21:00:00,7/6/2026 21:00:00,map,70f71792
7/7/2026 08:15:00,7/7/2026 08:15:00,index,aaaa1111
7/7/2026 08:16:30,7/7/2026 08:15:00,index,aaaa1111
7/7/2026 08:20:00,7/7/2026 08:20:00,index,bbbb2222
7/7/2026 09:00:00,7/7/2026 08:58:00,roster,aaaa1111
7/7/2026 12:30:00,7/7/2026 12:30:00,network,cccc3333
7/7/2026 12:35:00,7/7/2026 12:35:00,index,dddd4444
7/7/2026 18:05:00,7/7/2026 18:05:00,concerts,aaaa1111
7/7/2026 12:31:00,7/7/2026 12:30:00,network,cccc3333
7/8/2026 08:00:00,7/8/2026 08:00:00,index,70f71792
7/8/2026 12:00:00,7/8/2026 12:00:00,usage,aaaa1111
7/8/2026 12:00:00,7/8/2026 12:00:00,index,
7/8/2026 09:10:00,7/8/2026 09:05:00,map,bbbb2222
page,page,page,page
